[
{"productName": "ndvi-300m-v2-spider", "fileName": "c_gls_NDVI300_202102210000_GLOBE_OLCI_V2.0.1.nc", "extension": "nc", "size": "1759 MB", "timeUploaded": "Fri Mar 05 14:55:52 GMT+01:00 2021", "dateTimeSeen": "2021-04-16 13:09:09", "uriPath": "https://land.copernicus.vgt.vito.be/PDF/datapool/Vegetation/Indicators/NDVI_300m_V2/2021/02/21/NDVI300_202102210000_GLOBE_OLCI_V2.0.1/c_gls_NDVI300_202102210000_GLOBE_OLCI_V2.0.1.nc"},
{"productName": "ndvi-300m-v2-spider", "fileName": "c_gls_NDVI300_202102010000_GLOBE_OLCI_V2.0.1.nc", "extension": "nc", "size": "1677 MB", "timeUploaded": "Sun Feb 14 21:55:30 GMT+01:00 2021", "dateTimeSeen": "2021-04-16 13:09:12", "uriPath": "https://land.copernicus.vgt.vito.be/PDF/datapool/Vegetation/Indicators/NDVI_300m_V2/2021/02/01/NDVI300_202102010000_GLOBE_OLCI_V2.0.1/c_gls_NDVI300_202102010000_GLOBE_OLCI_V2.0.1.nc"},
{"productName": "ndvi-300m-v2-spider", "fileName": "c_gls_NDVI300_202102110000_GLOBE_OLCI_V2.0.1.nc", "extension": "nc", "size": "1723 MB", "timeUploaded": "Wed Feb 24 13:55:37 GMT+01:00 2021", "dateTimeSeen": "2021-04-16 13:09:12", "uriPath": "https://land.copernicus.vgt.vito.be/PDF/datapool/Vegetation/Indicators/NDVI_300m_V2/2021/02/11/NDVI300_202102110000_GLOBE_OLCI_V2.0.1/c_gls_NDVI300_202102110000_GLOBE_OLCI_V2.0.1.nc"},
{"productName": "ndvi-300m-v2-spider", "fileName": "c_gls_NDVI300_202101110000_GLOBE_OLCI_V2.0.1.nc", "extension": "nc", "size": "1632 MB", "timeUploaded": "Wed Feb 03 08:25:30 GMT+01:00 2021", "dateTimeSeen": "2021-04-16 13:09:12", "uriPath": "https://land.copernicus.vgt.vito.be/PDF/datapool/Vegetation/Indicators/NDVI_300m_V2/2021/01/11/NDVI300_202101110000_GLOBE_OLCI_V2.0.1/c_gls_NDVI300_202101110000_GLOBE_OLCI_V2.0.1.nc"},
{"productName": "ndvi-300m-v2-spider", "fileName": "c_gls_NDVI300_202101010000_GLOBE_OLCI_V2.0.1.nc", "extension": "nc", "size": "1651 MB", "timeUploaded": "Fri Jan 15 13:55:18 GMT+01:00 2021", "dateTimeSeen": "2021-04-16 13:09:15", "uriPath": "https://land.copernicus.vgt.vito.be/PDF/datapool/Vegetation/Indicators/NDVI_300m_V2/2021/01/01/NDVI300_202101010000_GLOBE_OLCI_V2.0.1/c_gls_NDVI300_202101010000_GLOBE_OLCI_V2.0.1.nc"},
{"productName": "ndvi-300m-v2-spider", "fileName": "c_gls_NDVI300_202101210000_GLOBE_OLCI_V2.0.1.nc", "extension": "nc", "size": "1630 MB", "timeUploaded": "Mon Feb 08 13:25:55 GMT+01:00 2021", "dateTimeSeen": "2021-04-16 13:09:15", "uriPath": "https://land.copernicus.vgt.vito.be/PDF/datapool/Vegetation/Indicators/NDVI_300m_V2/2021/01/21/NDVI300_202101210000_GLOBE_OLCI_V2.0.1/c_gls_NDVI300_202101210000_GLOBE_OLCI_V2.0.1.nc"},
{"productName": "ndvi-300m-v2-spider", "fileName": "c_gls_NDVI300_202103010000_GLOBE_OLCI_V2.0.1.nc", "extension": "nc", "size": "1927 MB", "timeUploaded": "Fri Mar 19 16:59:31 GMT+01:00 2021", "dateTimeSeen": "2021-04-16 13:09:15", "uriPath": "https://land.copernicus.vgt.vito.be/PDF/datapool/Vegetation/Indicators/NDVI_300m_V2/2021/03/01/NDVI300_202103010000_GLOBE_OLCI_V2.0.1/c_gls_NDVI300_202103010000_GLOBE_OLCI_V2.0.1.nc"},
{"productName": "ndvi-300m-v2-spider", "fileName": "c_gls_NDVI300_202103210000_GLOBE_OLCI_V2.0.1.nc", "extension": "nc", "size": "2057 MB", "timeUploaded": "Fri Apr 09 19:30:58 GMT+01:00 2021", "dateTimeSeen": "2021-04-16 13:09:15", "uriPath": "https://land.copernicus.vgt.vito.be/PDF/datapool/Vegetation/Indicators/NDVI_300m_V2/2021/03/21/NDVI300_202103210000_GLOBE_OLCI_V2.0.1/c_gls_NDVI300_202103210000_GLOBE_OLCI_V2.0.1.nc"},
{"productName": "ndvi-300m-v2-spider", "fileName": "c_gls_NDVI300_202103110000_GLOBE_OLCI_V2.0.1.nc", "extension": "nc", "size": "1997 MB", "timeUploaded": "Thu Mar 25 15:25:55 GMT+01:00 2021", "dateTimeSeen": "2021-04-16 13:09:15", "uriPath": "https://land.copernicus.vgt.vito.be/PDF/datapool/Vegetation/Indicators/NDVI_300m_V2/2021/03/11/NDVI300_202103110000_GLOBE_OLCI_V2.0.1/c_gls_NDVI300_202103110000_GLOBE_OLCI_V2.0.1.nc"},
{"productName": "ndvi-300m-v2-spider", "fileName": "c_gls_NDVI300_202012110000_GLOBE_OLCI_V2.0.1.nc", "extension": "nc", "size": "1735 MB", "timeUploaded": "Thu Dec 24 13:26:38 GMT+01:00 2020", "dateTimeSeen": "2021-04-16 13:09:22", "uriPath": "https://land.copernicus.vgt.vito.be/PDF/datapool/Vegetation/Indicators/NDVI_300m_V2/2020/12/11/NDVI300_202012110000_GLOBE_OLCI_V2.0.1/c_gls_NDVI300_202012110000_GLOBE_OLCI_V2.0.1.nc"},
{"productName": "ndvi-300m-v2-spider", "fileName": "c_gls_NDVI300_202012010000_GLOBE_OLCI_V2.0.1.nc", "extension": "nc", "size": "1837 MB", "timeUploaded": "Mon Dec 14 13:27:41 GMT+01:00 2020", "dateTimeSeen": "2021-04-16 13:09:28", "uriPath": "https://land.copernicus.vgt.vito.be/PDF/datapool/Vegetation/Indicators/NDVI_300m_V2/2020/12/01/NDVI300_202012010000_GLOBE_OLCI_V2.0.1/c_gls_NDVI300_202012010000_GLOBE_OLCI_V2.0.1.nc"},
{"productName": "ndvi-300m-v2-spider", "fileName": "c_gls_NDVI300_202012210000_GLOBE_OLCI_V2.0.1.nc", "extension": "nc", "size": "1708 MB", "timeUploaded": "Mon Jan 04 14:56:28 GMT+01:00 2021", "dateTimeSeen": "2021-04-16 13:09:28", "uriPath": "https://land.copernicus.vgt.vito.be/PDF/datapool/Vegetation/Indicators/NDVI_300m_V2/2020/12/21/NDVI300_202012210000_GLOBE_OLCI_V2.0.1/c_gls_NDVI300_202012210000_GLOBE_OLCI_V2.0.1.nc"},
{"productName": "ndvi-300m-v2-spider", "fileName": "c_gls_NDVI300_202011210000_GLOBE_OLCI_V2.0.1.nc", "extension": "nc", "size": "1928 MB", "timeUploaded": "Thu Dec 10 11:59:35 GMT+01:00 2020", "dateTimeSeen": "2021-04-16 13:09:29", "uriPath": "https://land.copernicus.vgt.vito.be/PDF/datapool/Vegetation/Indicators/NDVI_300m_V2/2020/11/21/NDVI300_202011210000_GLOBE_OLCI_V2.0.1/c_gls_NDVI300_202011210000_GLOBE_OLCI_V2.0.1.nc"},
{"productName": "ndvi-300m-v2-spider", "fileName": "c_gls_NDVI300_202009210000_GLOBE_OLCI_V2.0.1.nc", "extension": "nc", "size": "2169 MB", "timeUploaded": "Thu Dec 10 11:31:12 GMT+01:00 2020", "dateTimeSeen": "2021-04-16 13:09:29", "uriPath": "https://land.copernicus.vgt.vito.be/PDF/datapool/Vegetation/Indicators/NDVI_300m_V2/2020/09/21/NDVI300_202009210000_GLOBE_OLCI_V2.0.1/c_gls_NDVI300_202009210000_GLOBE_OLCI_V2.0.1.nc"},
{"productName": "ndvi-300m-v2-spider", "fileName": "c_gls_NDVI300_202011110000_GLOBE_OLCI_V2.0.1.nc", "extension": "nc", "size": "2025 MB", "timeUploaded": "Thu Dec 10 11:58:35 GMT+01:00 2020", "dateTimeSeen": "2021-04-16 13:09:29", "uriPath": "https://land.copernicus.vgt.vito.be/PDF/datapool/Vegetation/Indicators/NDVI_300m_V2/2020/11/11/NDVI300_202011110000_GLOBE_OLCI_V2.0.1/c_gls_NDVI300_202011110000_GLOBE_OLCI_V2.0.1.nc"},
{"productName": "ndvi-300m-v2-spider", "fileName": "c_gls_NDVI300_202010210000_GLOBE_OLCI_V2.0.1.nc", "extension": "nc", "size": "2189 MB", "timeUploaded": "Thu Dec 10 11:56:38 GMT+01:00 2020", "dateTimeSeen": "2021-04-16 13:09:32", "uriPath": "https://land.copernicus.vgt.vito.be/PDF/datapool/Vegetation/Indicators/NDVI_300m_V2/2020/10/21/NDVI300_202010210000_GLOBE_OLCI_V2.0.1/c_gls_NDVI300_202010210000_GLOBE_OLCI_V2.0.1.nc"},
{"productName": "ndvi-300m-v2-spider", "fileName": "c_gls_NDVI300_202010110000_GLOBE_OLCI_V2.0.1.nc", "extension": "nc", "size": "2214 MB", "timeUploaded": "Thu Dec 10 11:28:16 GMT+01:00 2020", "dateTimeSeen": "2021-04-16 13:09:32", "uriPath": "https://land.copernicus.vgt.vito.be/PDF/datapool/Vegetation/Indicators/NDVI_300m_V2/2020/10/11/NDVI300_202010110000_GLOBE_OLCI_V2.0.1/c_gls_NDVI300_202010110000_GLOBE_OLCI_V2.0.1.nc"},
{"productName": "ndvi-300m-v2-spider", "fileName": "c_gls_NDVI300_202011010000_GLOBE_OLCI_V2.0.1.nc", "extension": "nc", "size": "2109 MB", "timeUploaded": "Thu Dec 10 11:57:36 GMT+01:00 2020", "dateTimeSeen": "2021-04-16 13:09:32", "uriPath": "https://land.copernicus.vgt.vito.be/PDF/datapool/Vegetation/Indicators/NDVI_300m_V2/2020/11/01/NDVI300_202011010000_GLOBE_OLCI_V2.0.1/c_gls_NDVI300_202011010000_GLOBE_OLCI_V2.0.1.nc"},
{"productName": "ndvi-300m-v2-spider", "fileName": "c_gls_NDVI300_202010010000_GLOBE_OLCI_V2.0.1.nc", "extension": "nc", "size": "2212 MB", "timeUploaded": "Thu Dec 10 11:27:07 GMT+01:00 2020", "dateTimeSeen": "2021-04-16 13:09:33", "uriPath": "https://land.copernicus.vgt.vito.be/PDF/datapool/Vegetation/Indicators/NDVI_300m_V2/2020/10/01/NDVI300_202010010000_GLOBE_OLCI_V2.0.1/c_gls_NDVI300_202010010000_GLOBE_OLCI_V2.0.1.nc"},
{"productName": "ndvi-300m-v2-spider", "fileName": "c_gls_NDVI300_202007210000_GLOBE_OLCI_V2.0.1.nc", "extension": "nc", "size": "2189 MB", "timeUploaded": "Thu Dec 10 11:01:07 GMT+01:00 2020", "dateTimeSeen": "2021-04-16 13:09:34", "uriPath": "https://land.copernicus.vgt.vito.be/PDF/datapool/Vegetation/Indicators/NDVI_300m_V2/2020/07/21/NDVI300_202007210000_GLOBE_OLCI_V2.0.1/c_gls_NDVI300_202007210000_GLOBE_OLCI_V2.0.1.nc"},
{"productName": "ndvi-300m-v2-spider", "fileName": "c_gls_NDVI300_202007110000_GLOBE_OLCI_V2.0.1.nc", "extension": "nc", "size": "2189 MB", "timeUploaded": "Thu Dec 10 10:59:44 GMT+01:00 2020", "dateTimeSeen": "2021-04-16 13:09:34", "uriPath": "https://land.copernicus.vgt.vito.be/PDF/datapool/Vegetation/Indicators/NDVI_300m_V2/2020/07/11/NDVI300_202007110000_GLOBE_OLCI_V2.0.1/c_gls_NDVI300_202007110000_GLOBE_OLCI_V2.0.1.nc"},
{"productName": "ndvi-300m-v2-spider", "fileName": "c_gls_NDVI300_202007010000_GLOBE_OLCI_V2.0.1.nc", "extension": "nc", "size": "2176 MB", "timeUploaded": "Thu Dec 10 10:58:37 GMT+01:00 2020", "dateTimeSeen": "2021-04-16 13:09:34", "uriPath": "https://land.copernicus.vgt.vito.be/PDF/datapool/Vegetation/Indicators/NDVI_300m_V2/2020/07/01/NDVI300_202007010000_GLOBE_OLCI_V2.0.1/c_gls_NDVI300_202007010000_GLOBE_OLCI_V2.0.1.nc"},
{"productName": "ndvi-300m-v2-spider", "fileName": "c_gls_NDVI300_202008010000_GLOBE_OLCI_V2.0.1.nc", "extension": "nc", "size": "2200 MB", "timeUploaded": "Thu Dec 10 11:03:27 GMT+01:00 2020", "dateTimeSeen": "2021-04-16 13:09:35", "uriPath": "https://land.copernicus.vgt.vito.be/PDF/datapool/Vegetation/Indicators/NDVI_300m_V2/2020/08/01/NDVI300_202008010000_GLOBE_OLCI_V2.0.1/c_gls_NDVI300_202008010000_GLOBE_OLCI_V2.0.1.nc"},
{"productName": "ndvi-300m-v2-spider", "fileName": "c_gls_NDVI300_202008210000_GLOBE_OLCI_V2.0.1.nc", "extension": "nc", "size": "2188 MB", "timeUploaded": "Thu Dec 10 11:29:21 GMT+01:00 2020", "dateTimeSeen": "2021-04-16 13:09:36", "uriPath": "https://land.copernicus.vgt.vito.be/PDF/datapool/Vegetation/Indicators/NDVI_300m_V2/2020/08/21/NDVI300_202008210000_GLOBE_OLCI_V2.0.1/c_gls_NDVI300_202008210000_GLOBE_OLCI_V2.0.1.nc"},
{"productName": "ndvi-300m-v2-spider", "fileName": "c_gls_NDVI300_202008110000_GLOBE_OLCI_V2.0.1.nc", "extension": "nc", "size": "2182 MB", "timeUploaded": "Thu Dec 10 11:02:18 GMT+01:00 2020", "dateTimeSeen": "2021-04-16 13:09:36", "uriPath": "https://land.copernicus.vgt.vito.be/PDF/datapool/Vegetation/Indicators/NDVI_300m_V2/2020/08/11/NDVI300_202008110000_GLOBE_OLCI_V2.0.1/c_gls_NDVI300_202008110000_GLOBE_OLCI_V2.0.1.nc"},
{"productName": "ndvi-300m-v2-spider", "fileName": "c_gls_NDVI300_202009010000_GLOBE_OLCI_V2.0.1.nc", "extension": "nc", "size": "2178 MB", "timeUploaded": "Thu Dec 10 11:32:22 GMT+01:00 2020", "dateTimeSeen": "2021-04-16 13:09:36", "uriPath": "https://land.copernicus.vgt.vito.be/PDF/datapool/Vegetation/Indicators/NDVI_300m_V2/2020/09/01/NDVI300_202009010000_GLOBE_OLCI_V2.0.1/c_gls_NDVI300_202009010000_GLOBE_OLCI_V2.0.1.nc"},
{"productName": "ndvi-300m-v2-spider", "fileName": "c_gls_NDVI300_202009110000_GLOBE_OLCI_V2.0.1.nc", "extension": "nc", "size": "2180 MB", "timeUploaded": "Thu Dec 10 11:30:19 GMT+01:00 2020", "dateTimeSeen": "2021-04-16 13:09:36", "uriPath": "https://land.copernicus.vgt.vito.be/PDF/datapool/Vegetation/Indicators/NDVI_300m_V2/2020/09/11/NDVI300_202009110000_GLOBE_OLCI_V2.0.1/c_gls_NDVI300_202009110000_GLOBE_OLCI_V2.0.1.nc"}
]